#{"t_start": 1655646618.148629, "env_id": "CartPole-v1"}
r,l,t
500.0,500,7.727379
500.0,500,14.813595
