#{"t_start": 1652698593.271188, "env_id": "CartPole-v1"}
r,l,t
301.0,301,5.053107
500.0,500,11.991544
