#{"t_start": 1655703840.184266, "env_id": "CartPole-v1"}
r,l,t
455.0,455,7.237025
500.0,500,14.482406
