#{"t_start": 1655647902.1743941, "env_id": "CartPole-v1"}
r,l,t
500.0,500,7.830838
500.0,500,14.953448
