#{"t_start": 1656586325.7570162, "env_id": "Pendulum-v1"}
r,l,t
-275.574517,200,3.508462
-128.168244,200,6.491834
-128.759883,200,9.468694
-128.253248,200,12.477176
-131.288976,200,15.49712
