#{"t_start": 1655646602.554695, "env_id": "CartPole-v1"}
r,l,t
500.0,500,7.649633
