#{"t_start": 1652698576.8037891, "env_id": "CartPole-v1"}
r,l,t
500.0,500,7.761793
500.0,500,14.735545
